Workbook

Sheet Sheet1
A1: long | B1: lat | C1: yr | D1: mon | E1: day | F1: temp | G1: rh | H1: ws | I1: prec
A2: -118 | B2: 34.25 | C2: 2025 | D2: 1 | E2: 1 | F2: =Sayfa1!C2-273.15 -> 20.094141 | G2: 30.431198 | H2: =SQRT(Sayfa1!D2^2+Sayfa1!E2^2) -> 0.12490848 | I2: 0
A3: -118 | B3: 34.25 | C3: 2025 | D3: 1 | E3: 1 | F3: =Sayfa1!C3-273.15 -> 18.661157 | G3: 38.265137 | H3: =SQRT(Sayfa1!D3^2+Sayfa1!E3^2) -> 0.29445409 | I3: 0
A4: -118 | B4: 34.25 | C4: 2025 | D4: 1 | E4: 1 | F4: =Sayfa1!C4-273.15 -> 18.137598 | G4: 42.568085 | H4: =SQRT(Sayfa1!D4^2+Sayfa1!E4^2) -> 1.4350525 | I4: 0
A5: -118 | B5: 34.25 | C5: 2025 | D5: 1 | E5: 1 | F5: =Sayfa1!C5-273.15 -> 18.231714 | G5: 45.686935 | H5: =SQRT(Sayfa1!D5^2+Sayfa1!E5^2) -> 1.9417929 | I5: 0
A6: -118 | B6: 34.25 | C6: 2025 | D6: 1 | E6: 1 | F6: =Sayfa1!C6-273.15 -> 18.644922 | G6: 49.300354 | H6: =SQRT(Sayfa1!D6^2+Sayfa1!E6^2) -> 2.1802581 | I6: 0
A7: -118 | B7: 34.25 | C7: 2025 | D7: 1 | E7: 1 | F7: =Sayfa1!C7-273.15 -> 18.974634 | G7: 48.662384 | H7: =SQRT(Sayfa1!D7^2+Sayfa1!E7^2) -> 2.3169818 | I7: 0
A8: -118 | B8: 34.25 | C8: 2025 | D8: 1 | E8: 1 | F8: =Sayfa1!C8-273.15 -> 19.131128 | G8: 44.187057 | H8: =SQRT(Sayfa1!D8^2+Sayfa1!E8^2) -> 2.379399 | I8: 0
A9: -118 | B9: 34.25 | C9: 2025 | D9: 1 | E9: 1 | F9: =Sayfa1!C9-273.15 -> 19.238916 | G9: 40.206314 | H9: =SQRT(Sayfa1!D9^2+Sayfa1!E9^2) -> 2.4754723 | I9: 0
A10: -118 | B10: 34.25 | C10: 2025 | D10: 1 | E10: 1 | F10: =Sayfa1!C10-273.15 -> 19.307764 | G10: 37.970993 | H10: =SQRT(Sayfa1!D10^2+Sayfa1!E10^2) -> 2.5548637 | I10: 0
A11: -118 | B11: 34.25 | C11: 2025 | D11: 1 | E11: 1 | F11: =Sayfa1!C11-273.15 -> 19.386377 | G11: 35.092529 | H11: =SQRT(Sayfa1!D11^2+Sayfa1!E11^2) -> 2.5851656 | I11: 0
A12: -118 | B12: 34.25 | C12: 2025 | D12: 1 | E12: 1 | F12: =Sayfa1!C12-273.15 -> 19.991602 | G12: 32.64006 | H12: =SQRT(Sayfa1!D12^2+Sayfa1!E12^2) -> 2.612796 | I12: 0
A13: -118 | B13: 34.25 | C13: 2025 | D13: 1 | E13: 1 | F13: =Sayfa1!C13-273.15 -> 20.845361 | G13: 26.951965 | H13: =SQRT(Sayfa1!D13^2+Sayfa1!E13^2) -> 2.4720858 | I13: 0
... A745: -118 | B745: 34.25 | C745: 2025 | D745: 1 | E745: 31 | F745: =Sayfa1!C745-273.15 -> 18.912012 | G745: 31.537949 | H745: =SQRT(Sayfa1!D745^2+Sayfa1!E745^2) -> 1.3503058 | I745: 0

Sheet Sayfa1
B1: hour | C1: Temperature_K | D1: WindU_mps | E1: WindV_mps | F1: prec(m) | G1: prec(mm) | H1: 24hr
B2: 0 | C2: 293.24414 | D2: 0.057266235 | E2: 0.11100769 | F2: 0 | G2: =Sayfa1!F2*1000 -> 0 | H2: 0 | I2: 0
B3: 0.041666667 | C3: 291.81116 | D3: 0.095108032 | E3: -0.27867126 | F3: 0 | G3: =Sayfa1!F3*1000 -> 0 | H3: 0 | I3: 0
B4: 0.083333333 | C4: 291.2876 | D4: -0.43267822 | E4: -1.3682709 | F4: 0 | G4: =Sayfa1!F4*1000 -> 0 | H4: 0 | I4: 0
B5: 0.125 | C5: 291.38171 | D5: -0.79588318 | E5: -1.7711945 | F5: 0 | G5: =Sayfa1!F5*1000 -> 0 | H5: 0 | I5: 0
B6: 0.16666667 | C6: 291.79492 | D6: -1.0474396 | E6: -1.9121704 | F6: 0 | G6: =Sayfa1!F6*1000 -> 0 | H6: 0 | I6: 0
B7: 0.20833333 | C7: 292.12463 | D7: -1.1726532 | E7: -1.9983215 | F7: 0 | G7: =Sayfa1!F7*1000 -> 0 | H7: 0 | I7: 0
B8: 0.25 | C8: 292.28113 | D8: -1.2284851 | E8: -2.037735 | F8: 0 | G8: =Sayfa1!F8*1000 -> 0 | H8: 0 | I8: 0
B9: 0.29166667 | C9: 292.38892 | D9: -1.3052826 | E9: -2.1033783 | F9: 0 | G9: =Sayfa1!F9*1000 -> 0 | H9: 0 | I9: 0
B10: 0.33333333 | C10: 292.45776 | D10: -1.2531128 | E10: -2.2264404 | F10: 0 | G10: =Sayfa1!F10*1000 -> 0 | H10: 0 | I10: 0
B11: 0.375 | C11: 292.53638 | D11: -1.2264099 | E11: -2.2757416 | F11: 0 | G11: =Sayfa1!F11*1000 -> 0 | H11: 0 | I11: 0
B12: 0.41666667 | C12: 293.1416 | D12: -1.5867767 | E12: -2.0757751 | F12: 0 | G12: =Sayfa1!F12*1000 -> 0 | H12: 0 | I12: 0
B13: 0.45833333 | C13: 293.99536 | D13: -1.2709351 | E13: -2.1203613 | F13: 0 | G13: =Sayfa1!F13*1000 -> 0 | H13: 0 | I13: 0
... B24: 0.91666667 | C24: 296.40283 | D24: -0.24136353 | E24: 0.17222595 | F24: 0 | G24: =Sayfa1!F24*1000 -> 0 | H24: 0 | I24: 0
B25: 0.95833333 | C25: 296.55273 | D25: 0.00054931641 | E25: 0.54536438 | F25: 0 | G25: =Sayfa1!F25*1000 -> 0 | H25: =SUM(G2:G25) -> 0 | I25: 0
B26: 0 | C26: 295.47314 | D26: 0.17347717 | E26: 0.52626038 | F26: 0 | G26: =Sayfa1!F26*1000 -> 0 | H26: =SUM(G3:G26) -> 0 | I26: 0
B27: 0.041666667 | C27: 294.29102 | D27: -0.2010498 | E27: 0.25860596 | F27: 0 | G27: =Sayfa1!F27*1000 -> 0 | H27: =SUM(G4:G27) -> 0 | I27: 0
B28: 0.083333333 | C28: 294.22119 | D28: -0.7298584 | E28: -0.93029785 | F28: 0 | G28: =Sayfa1!F28*1000 -> 0 | H28: =SUM(G5:G28) -> 0 | I28: 0
B29: 0.125 | C29: 294.97009 | D29: -1.0747986 | E29: -1.3293457 | F29: 0 | G29: =Sayfa1!F29*1000 -> 0 | H29: =SUM(G6:G29) -> 0 | I29: 0
B30: 0.16666667 | C30: 295.47095 | D30: -1.2853394 | E30: -1.5417633 | F30: 0 | G30: =Sayfa1!F30*1000 -> 0 | H30: =SUM(G7:G30) -> 0 | I30: 0
B31: 0.20833333 | C31: 295.53259 | D31: -1.3514557 | E31: -1.5473938 | F31: 0 | G31: =Sayfa1!F31*1000 -> 0 | H31: =SUM(G8:G31) -> 0 | I31: 0
B32: 0.25 | C32: 295.48816 | D32: -1.3317261 | E32: -1.6321106 | F32: 0 | G32: =Sayfa1!F32*1000 -> 0 | H32: =SUM(G9:G32) -> 0 | I32: 0
B33: 0.29166667 | C33: 295.53638 | D33: -1.2341003 | E33: -1.8730927 | F33: 0 | G33: =Sayfa1!F33*1000 -> 0 | H33: =SUM(G10:G33) -> 0 | I33: 0
B34: 0.33333333 | C34: 295.48535 | D34: -1.1806335 | E34: -2.0841522 | F34: 0 | G34: =Sayfa1!F34*1000 -> 0 | H34: =SUM(G11:G34) -> 0 | I34: 0
B35: 0.375 | C35: 295.2561 | D35: -1.2375793 | E35: -2.1759796 | F35: 0 | G35: =Sayfa1!F35*1000 -> 0 | H35: =SUM(G12:G35) -> 0 | I35: 0
B36: 0.41666667 | C36: 295.4314 | D36: -1.4151611 | E36: -2.2841034 | F36: 0 | G36: =Sayfa1!F36*1000 -> 0 | H36: =SUM(G13:G36) -> 0 | I36: 0
... B745: 0.95833333 | C745: 292.06201 | D745: 0.67308044 | E745: 1.1705933 | F745: 0 | G745: =Sayfa1!F745*1000 -> 0 | H745: =SUM(G722:G745) -> 0 | I745: 0
