Workbook

Sheet Sheet1
A1: long | B1: lat | C1: yr | D1: mon | E1: day | F1: temp | G1: rh | H1: ws | I1: prec
A2: -118.5 | B2: 34.5 | C2: 2025 | D2: 1 | E2: 1 | F2: =Sayfa1!C2-273.15 -> 19.830469 | G2: 30.856979 | H2: =SQRT(Sayfa1!D2^2+Sayfa1!E2^2) -> 2.409426 | I2: 0
A3: -118.5 | B3: 34.5 | C3: 2025 | D3: 1 | E3: 1 | F3: =Sayfa1!C3-273.15 -> 19.516626 | G3: 32.88623 | H3: =SQRT(Sayfa1!D3^2+Sayfa1!E3^2) -> 1.7408802 | I3: 0
A4: -118.5 | B4: 34.5 | C4: 2025 | D4: 1 | E4: 1 | F4: =Sayfa1!C4-273.15 -> 19.000879 | G4: 38.404022 | H4: =SQRT(Sayfa1!D4^2+Sayfa1!E4^2) -> 2.096803 | I4: 0
A5: -118.5 | B5: 34.5 | C5: 2025 | D5: 1 | E5: 1 | F5: =Sayfa1!C5-273.15 -> 18.36062 | G5: 46.04631 | H5: =SQRT(Sayfa1!D5^2+Sayfa1!E5^2) -> 2.3770044 | I5: 0
A6: -118.5 | B6: 34.5 | C6: 2025 | D6: 1 | E6: 1 | F6: =Sayfa1!C6-273.15 -> 17.816797 | G6: 55.019104 | H6: =SQRT(Sayfa1!D6^2+Sayfa1!E6^2) -> 2.6913976 | I6: 0
A7: -118.5 | B7: 34.5 | C7: 2025 | D7: 1 | E7: 1 | F7: =Sayfa1!C7-273.15 -> 17.587915 | G7: 61.107697 | H7: =SQRT(Sayfa1!D7^2+Sayfa1!E7^2) -> 2.78869 | I7: 0
A8: -118.5 | B8: 34.5 | C8: 2025 | D8: 1 | E8: 1 | F8: =Sayfa1!C8-273.15 -> 17.558862 | G8: 65.112839 | H8: =SQRT(Sayfa1!D8^2+Sayfa1!E8^2) -> 2.7948864 | I8: 0
A9: -118.5 | B9: 34.5 | C9: 2025 | D9: 1 | E9: 1 | F9: =Sayfa1!C9-273.15 -> 17.606104 | G9: 68.714127 | H9: =SQRT(Sayfa1!D9^2+Sayfa1!E9^2) -> 2.8211305 | I9: 0
A10: -118.5 | B10: 34.5 | C10: 2025 | D10: 1 | E10: 1 | F10: =Sayfa1!C10-273.15 -> 17.612451 | G10: 70.541306 | H10: =SQRT(Sayfa1!D10^2+Sayfa1!E10^2) -> 2.8225673 | I10: 0
A11: -118.5 | B11: 34.5 | C11: 2025 | D11: 1 | E11: 1 | F11: =Sayfa1!C11-273.15 -> 17.48208 | G11: 68.733154 | H11: =SQRT(Sayfa1!D11^2+Sayfa1!E11^2) -> 2.7109748 | I11: 0
A12: -118.5 | B12: 34.5 | C12: 2025 | D12: 1 | E12: 1 | F12: =Sayfa1!C12-273.15 -> 16.179102 | G12: 72.456467 | H12: =SQRT(Sayfa1!D12^2+Sayfa1!E12^2) -> 2.8362748 | I12: 0
A13: -118.5 | B13: 34.5 | C13: 2025 | D13: 1 | E13: 1 | F13: =Sayfa1!C13-273.15 -> 16.485986 | G13: 67.518372 | H13: =SQRT(Sayfa1!D13^2+Sayfa1!E13^2) -> 2.763177 | I13: 0
... A24: -118.5 | B24: 34.5 | C24: 2025 | D24: 1 | E24: 1 | F24: =Sayfa1!C24-273.15 -> 21.237207 | G24: 24.936901 | H24: =SQRT(Sayfa1!D24^2+Sayfa1!E24^2) -> 1.9106714 | I24: 0
A25: -118.5 | B25: 34.5 | C25: 2025 | D25: 1 | E25: 1 | F25: =Sayfa1!C25-273.15 -> 22.154688 | G25: 23.080311 | H25: =SQRT(Sayfa1!D25^2+Sayfa1!E25^2) -> 1.300614 | I25: =SUM(Sayfa1!G2:G25) -> 0
A26: -118.5 | B26: 34.5 | C26: 2025 | D26: 1 | E26: 2 | F26: =Sayfa1!C26-273.15 -> 22.496973 | G26: 22.348526 | H26: =SQRT(Sayfa1!D26^2+Sayfa1!E26^2) -> 0.60273083 | I26: =SUM(Sayfa1!G3:G26) -> 0
A27: -118.5 | B27: 34.5 | C27: 2025 | D27: 1 | E27: 2 | F27: =Sayfa1!C27-273.15 -> 22.373438 | G27: 24.750504 | H27: =SQRT(Sayfa1!D27^2+Sayfa1!E27^2) -> 0.4643758 | I27: =SUM(Sayfa1!G4:G27) -> 0
A28: -118.5 | B28: 34.5 | C28: 2025 | D28: 1 | E28: 2 | F28: =Sayfa1!C28-273.15 -> 22.17666 | G28: 28.248932 | H28: =SQRT(Sayfa1!D28^2+Sayfa1!E28^2) -> 1.4321208 | I28: =SUM(Sayfa1!G5:G28) -> 0
A29: -118.5 | B29: 34.5 | C29: 2025 | D29: 1 | E29: 2 | F29: =Sayfa1!C29-273.15 -> 21.991968 | G29: 33.206711 | H29: =SQRT(Sayfa1!D29^2+Sayfa1!E29^2) -> 1.9481767 | I29: =SUM(Sayfa1!G6:G29) -> 0
A30: -118.5 | B30: 34.5 | C30: 2025 | D30: 1 | E30: 2 | F30: =Sayfa1!C30-273.15 -> 21.731104 | G30: 40.951721 | H30: =SQRT(Sayfa1!D30^2+Sayfa1!E30^2) -> 2.3452086 | I30: =SUM(Sayfa1!G7:G30) -> 0
A31: -118.5 | B31: 34.5 | C31: 2025 | D31: 1 | E31: 2 | F31: =Sayfa1!C31-273.15 -> 21.390405 | G31: 51.943787 | H31: =SQRT(Sayfa1!D31^2+Sayfa1!E31^2) -> 2.5184635 | I31: =SUM(Sayfa1!G8:G31) -> 0
A32: -118.5 | B32: 34.5 | C32: 2025 | D32: 1 | E32: 2 | F32: =Sayfa1!C32-273.15 -> 21.053003 | G32: 64.697403 | H32: =SQRT(Sayfa1!D32^2+Sayfa1!E32^2) -> 2.6664531 | I32: =SUM(Sayfa1!G9:G32) -> 0
A33: -118.5 | B33: 34.5 | C33: 2025 | D33: 1 | E33: 2 | F33: =Sayfa1!C33-273.15 -> 20.798486 | G33: 74.108841 | H33: =SQRT(Sayfa1!D33^2+Sayfa1!E33^2) -> 2.6473679 | I33: =SUM(Sayfa1!G10:G33) -> 0
A34: -118.5 | B34: 34.5 | C34: 2025 | D34: 1 | E34: 2 | F34: =Sayfa1!C34-273.15 -> 20.573633 | G34: 77.798691 | H34: =SQRT(Sayfa1!D34^2+Sayfa1!E34^2) -> 2.6667453 | I34: =SUM(Sayfa1!G11:G34) -> 0
A35: -118.5 | B35: 34.5 | C35: 2025 | D35: 1 | E35: 2 | F35: =Sayfa1!C35-273.15 -> 20.246729 | G35: 78.306351 | H35: =SQRT(Sayfa1!D35^2+Sayfa1!E35^2) -> 2.7423762 | I35: =SUM(Sayfa1!G12:G35) -> 0
A36: -118.5 | B36: 34.5 | C36: 2025 | D36: 1 | E36: 2 | F36: =Sayfa1!C36-273.15 -> 18.722803 | G36: 72.868256 | H36: =SQRT(Sayfa1!D36^2+Sayfa1!E36^2) -> 2.9335034 | I36: =SUM(Sayfa1!G13:G36) -> 0
... A745: -118.5 | B745: 34.5 | C745: 2025 | D745: 1 | E745: 31 | F745: =Sayfa1!C745-273.15 -> 18.781152 | G745: 27.74498 | H745: =SQRT(Sayfa1!D745^2+Sayfa1!E745^2) -> 1.3883863 | I745: =SUM(Sayfa1!G722:G745) -> 0

Sheet Sayfa1
B1: hour | C1: Temperature_K | D1: WindU_mps | E1: WindV_mps | F1: prec(m) | G1: prec(mm)
B2: 0 | C2: 292.98047 | D2: -1.3460541 | E2: -1.9983673 | F2: 0 | G2: =Sayfa1!F2*1000 -> 0
B3: 0.041666667 | C3: 292.66663 | D3: -0.68614197 | E3: -1.5999603 | F3: 0 | G3: =Sayfa1!F3*1000 -> 0
B4: 0.083333333 | C4: 292.15088 | D4: -0.59088135 | E4: -2.0118256 | F4: 0 | G4: =Sayfa1!F4*1000 -> 0
B5: 0.125 | C5: 291.51062 | D5: -0.54295349 | E5: -2.3141632 | F5: 0 | G5: =Sayfa1!F5*1000 -> 0
B6: 0.16666667 | C6: 290.9668 | D6: -0.57185364 | E6: -2.6299438 | F6: 0 | G6: =Sayfa1!F6*1000 -> 0
B7: 0.20833333 | C7: 290.73792 | D7: -0.50566101 | E7: -2.7424622 | F7: 0 | G7: =Sayfa1!F7*1000 -> 0
B8: 0.25 | C8: 290.70886 | D8: -0.54196167 | E8: -2.7418365 | F8: 0 | G8: =Sayfa1!F8*1000 -> 0
B9: 0.29166667 | C9: 290.7561 | D9: -0.59043884 | E9: -2.7586517 | F9: 0 | G9: =Sayfa1!F9*1000 -> 0
B10: 0.33333333 | C10: 290.76245 | D10: -0.48748779 | E10: -2.7801514 | F10: 0 | G10: =Sayfa1!F10*1000 -> 0
B11: 0.375 | C11: 290.63208 | D11: -0.39535522 | E11: -2.6819916 | F11: 0 | G11: =Sayfa1!F11*1000 -> 0
B12: 0.41666667 | C12: 289.3291 | D12: -0.26548767 | E12: -2.823822 | F12: 0 | G12: =Sayfa1!F12*1000 -> 0
B13: 0.45833333 | C13: 289.63599 | D13: -0.26702881 | E13: -2.7502441 | F13: 0 | G13: =Sayfa1!F13*1000 -> 0
... B745: 0.95833333 | C745: 291.93115 | D745: 0.25413513 | E745: 1.3649292 | F745: 0 | G745: =Sayfa1!F745*1000 -> 0
